HLA,optimal_percentile,TPR,FPR,precision,accuracy,F1
HLA-A*02:07,8.801,0.625,0.09,0.478,0.877,0.542
HLA-A*26:01,1.274,0.8,0.056,0.68,0.926,0.735
HLA-C*08:01,7.726,0.901,0.067,0.575,0.93,0.702
HLA-B*15:42,15.192,0.917,0.142,0.393,0.863,0.55
HLA-C*07:01,9.408,0.846,0.104,0.528,0.89,0.65
HLA-A*03:02,1.304,0.547,0.015,0.78,0.945,0.643
HLA-C*17:01,3.703,0.82,0.036,0.713,0.95,0.763
HLA-A*02:05,2.761,0.937,0.031,0.825,0.965,0.877
HLA-A*11:10,1.1,1.0,0.012,0.892,0.989,0.943
HLA-B*54:01,4.394,0.562,0.071,0.5,0.888,0.529
HLA-A*32:01,3.388,0.941,0.044,0.739,0.955,0.828
HLA-B*07:02,2.276,0.778,0.084,0.555,0.9,0.648
HLA-A*02:06,8.335,0.829,0.156,0.379,0.843,0.52
HLA-B*49:01,0.915,0.964,0.008,0.94,0.989,0.952
HLA-B*37:01,1.053,0.958,0.008,0.97,0.985,0.964
HLA-B*53:01,3.739,0.901,0.055,0.654,0.94,0.758
HLA-B*13:01,5.971,0.945,0.064,0.598,0.937,0.732
HLA-A*11:02,2.719,0.934,0.032,0.747,0.965,0.83
HLA-B*27:05,1.69,0.537,0.267,0.286,0.701,0.373
HLA-A*02:17,6.309,0.958,0.069,0.584,0.934,0.726
HLA-C*06:02,4.783,0.638,0.051,0.598,0.916,0.617
HLA-A*26:02,9.007,0.917,0.147,0.419,0.86,0.575
HLA-A*02:01,1.917,0.684,0.124,0.46,0.851,0.55
HLA-B*57:01,8.367,0.506,0.135,0.327,0.823,0.397
HLA-A*01:01,0.673,0.72,0.058,0.674,0.911,0.696
HLA-B*41:01,1.589,0.973,0.015,0.904,0.983,0.937
HLA-B*40:06,1.946,0.951,0.018,0.844,0.979,0.894
HLA-A*02:02,10.111,0.865,0.152,0.388,0.849,0.536
HLA-C*07:04,6.18,0.864,0.062,0.649,0.929,0.741
HLA-B*58:02,7.477,0.869,0.079,0.523,0.916,0.653
HLA-A*33:01,4.386,0.888,0.074,0.604,0.922,0.719
HLA-B*15:01,2.125,0.922,0.056,0.735,0.941,0.818
HLA-B*15:17,5.36,0.92,0.063,0.625,0.935,0.745
HLA-A*68:01,2.705,0.901,0.032,0.817,0.959,0.857
HLA-C*04:01,4.59,0.827,0.053,0.7,0.932,0.758
HLA-B*50:01,1.802,0.951,0.02,0.918,0.975,0.934
HLA-A*68:02,3.008,0.749,0.053,0.717,0.917,0.732
HLA-A*24:03,4.405,0.909,0.057,0.724,0.938,0.806
HLA-A*34:02,5.586,0.873,0.062,0.586,0.932,0.701
HLA-A*03:07,0.685,0.995,0.006,0.94,0.994,0.967
HLA-B*44:02,1.574,0.961,0.036,0.793,0.963,0.869
HLA-C*08:02,4.982,0.92,0.045,0.726,0.951,0.811
HLA-B*35:01,1.626,0.902,0.037,0.788,0.955,0.841
HLA-A*29:02,7.681,0.813,0.121,0.448,0.872,0.578
HLA-C*04:03,2.108,0.885,0.019,0.82,0.972,0.851
HLA-A*02:19,2.885,0.915,0.096,0.656,0.906,0.764
HLA-B*56:01,3.245,0.863,0.037,0.7,0.954,0.773
HLA-B*55:01,3.178,0.952,0.037,0.722,0.962,0.821
HLA-A*25:01,0.837,0.937,0.012,0.917,0.981,0.927
HLA-B*40:02,3.652,0.918,0.043,0.706,0.953,0.798
HLA-C*01:02,6.644,0.84,0.064,0.581,0.926,0.687
HLA-C*07:02,4.313,0.82,0.045,0.676,0.941,0.741
HLA-B*15:02,7.39,0.822,0.066,0.555,0.924,0.663
HLA-A*66:01,4.169,0.928,0.045,0.69,0.952,0.792
HLA-C*16:01,6.319,0.754,0.049,0.61,0.933,0.674
HLA-A*24:02,3.397,0.742,0.078,0.564,0.9,0.641
HLA-A*11:01,1.726,0.898,0.031,0.83,0.959,0.863
HLA-C*12:03,4.729,0.882,0.041,0.713,0.951,0.788
HLA-A*69:01,0.878,0.962,0.009,0.977,0.983,0.969
HLA-B*48:01,0.62,0.838,0.056,0.748,0.926,0.79
HLA-A*74:01,3.091,0.92,0.036,0.717,0.96,0.806
HLA-B*27:09,15.571,0.567,0.17,0.258,0.805,0.355
HLA-B*07:04,2.365,0.934,0.03,0.754,0.966,0.835
HLA-A*30:01,3.29,0.898,0.042,0.75,0.95,0.817
HLA-C*12:02,7.906,0.832,0.071,0.543,0.92,0.657
HLA-B*13:02,2.118,0.964,0.022,0.857,0.977,0.907
HLA-A*02:11,3.917,0.887,0.036,0.72,0.956,0.795
HLA-A*80:01,1.262,0.884,0.086,0.673,0.909,0.764
HLA-B*08:01,1.695,0.793,0.062,0.636,0.921,0.706
HLA-B*55:02,3.792,0.951,0.044,0.683,0.955,0.795
HLA-A*34:01,5.996,0.94,0.063,0.6,0.938,0.733
HLA-C*05:01,3.794,0.957,0.041,0.712,0.959,0.816
HLA-B*42:01,2.723,0.948,0.034,0.734,0.964,0.828
HLA-C*03:04,4.124,0.966,0.035,0.751,0.965,0.845
HLA-B*38:02,2.443,0.941,0.024,0.795,0.973,0.862
HLA-B*58:01,2.185,0.746,0.035,0.766,0.936,0.756
HLA-C*14:03,2.555,0.944,0.023,0.806,0.974,0.87
HLA-B*46:01,3.76,0.771,0.12,0.447,0.868,0.566
HLA-C*02:02,3.166,0.889,0.032,0.878,0.952,0.884
HLA-B*15:03,2.874,0.955,0.032,0.769,0.966,0.852
HLA-C*03:02,4.802,0.9,0.041,0.686,0.954,0.779
HLA-B*15:10,2.568,0.97,0.029,0.788,0.971,0.869
HLA-A*24:07,3.341,0.947,0.03,0.756,0.967,0.841
HLA-B*35:02,2.646,0.899,0.031,0.769,0.962,0.829
HLA-B*35:03,0.717,0.974,0.009,0.95,0.989,0.962
HLA-A*23:01,1.931,0.907,0.027,0.83,0.965,0.867
HLA-A*30:02,6.203,0.836,0.089,0.508,0.903,0.632
HLA-B*14:02,2.462,0.974,0.026,0.907,0.974,0.939
HLA-A*03:01,1.992,0.839,0.077,0.648,0.911,0.731
HLA-A*33:03,4.274,0.862,0.049,0.647,0.942,0.739
HLA-A*36:01,1.631,0.701,0.018,0.799,0.957,0.747
HLA-C*15:02,4.956,0.903,0.049,0.65,0.946,0.756
HLA-A*02:03,9.903,0.854,0.159,0.404,0.842,0.548
HLA-A*26:08,0.516,1.0,0.007,0.938,0.994,0.968
HLA-B*40:01,1.658,0.987,0.033,0.786,0.969,0.875
HLA-B*51:01,3.453,0.819,0.087,0.535,0.903,0.647
HLA-B*35:08,0.86,0.996,0.011,0.971,0.991,0.983
HLA-A*02:12,7.84,0.908,0.144,0.496,0.863,0.641
HLA-B*83:01,18.967,0.96,0.211,0.313,0.805,0.472
HLA-B*38:01,1.189,0.924,0.017,0.869,0.977,0.895
HLA-A*02:04,12.184,0.73,0.114,0.441,0.869,0.55
HLA-B*39:01,2.637,0.884,0.038,0.754,0.953,0.814
HLA-B*45:01,1.543,0.96,0.022,0.88,0.975,0.919
HLA-B*45:06,17.332,0.957,0.197,0.327,0.817,0.487
HLA-B*57:03,8.874,0.756,0.091,0.467,0.895,0.578
HLA-A*02:16,5.137,0.873,0.098,0.636,0.897,0.736
HLA-B*40:11,2.382,0.983,0.023,0.813,0.978,0.89
HLA-B*18:01,1.79,0.89,0.029,0.807,0.961,0.846
HLA-C*03:03,3.466,0.713,0.035,0.713,0.938,0.713
HLA-A*31:01,6.189,0.795,0.113,0.495,0.875,0.61
HLA-B*35:07,2.187,0.947,0.023,0.803,0.974,0.869
HLA-C*14:02,6.133,0.968,0.054,0.65,0.948,0.778
HLA-B*52:01,4.192,0.911,0.034,0.73,0.961,0.81
HLA-B*44:03,2.837,0.953,0.043,0.717,0.957,0.819
